fundsymbol,pricedate,openvalue,highvalue,lowvalue,closevalue,adjclose,volume
AAA,2021-01-04,25.07,25.07,25.07,25.07,24.93,3700
AAA,2021-01-05,25.08,25.08,25.07,25.08,24.94,2300
AAA,2021-01-06,25.08,25.09,25.08,25.08,24.94,600
AAA,2021-01-07,25.08,25.08,25.08,25.08,24.94,400
AAA,2021-01-08,25.08,25.08,25.07,25.07,24.93,5300
AAA,2021-01-11,25.07,25.1,25.07,25.08,24.95,2000
AAA,2021-01-12,25.11,25.11,25.1,25.1,24.96,800
AAA,2021-01-13,25.09,25.09,25.09,25.09,24.95,100
AAA,2021-01-14,25.1,25.1,25.1,25.1,24.97,200
AAA,2021-01-15,25.14,25.14,25.12,25.12,24.98,2400
AAA,2021-01-19,25.16,25.16,25.15,25.15,25.01,2800
AAA,2021-01-20,25.15,25.15,25.15,25.15,25.01,100
AAA,2021-01-21,25.15,25.15,25.14,25.15,25.01,3600
AAA,2021-01-22,25.16,25.17,25.16,25.16,25.02,1600
AAA,2021-01-25,25.16,25.16,25.16,25.16,25.01,100
AAA,2021-01-26,25.16,25.17,25.16,25.17,25.02,500
AAA,2021-01-27,25.14,25.15,25.14,25.15,25.01,500
AAA,2021-01-28,25.15,25.15,25.15,25.15,25.01,200
AAA,2021-01-29,25.16,25.16,25.15,25.15,25.0,3100
AAA,2021-02-01,25.14,25.14,25.13,25.13,25.01,1300
AAA,2021-02-02,25.13,25.13,25.13,25.13,25.01,1700
AAA,2021-02-03,25.2,25.4,25.12,25.12,25.0,1200
AAA,2021-02-04,24.84,25.15,24.84,25.13,25.01,10200
AAA,2021-02-05,25.14,25.14,25.14,25.14,25.02,1800
AAA,2021-02-08,25.15,25.15,25.14,25.14,25.02,2600
AAA,2021-02-09,25.13,25.13,25.13,25.13,25.01,1000
AAA,2021-02-10,25.12,25.14,25.12,25.14,25.02,700
AAA,2021-02-11,25.14,25.14,25.13,25.13,25.01,1300
AAA,2021-02-12,25.13,25.13,25.12,25.12,25.0,500
AAA,2021-02-16,25.13,25.13,25.12,25.12,25.0,300
AAA,2021-02-17,25.14,25.14,25.13,25.13,25.01,400
AAA,2021-02-18,25.14,25.14,25.13,25.13,25.01,200
AAA,2021-02-19,25.13,25.13,25.13,25.13,25.01,100
AAA,2021-02-22,25.09,25.09,25.09,25.09,24.97,600
AAA,2021-02-23,25.06,25.08,25.06,25.07,24.95,500
AAA,2021-02-24,25.08,25.08,25.07,25.07,24.95,1600
AAA,2021-02-25,25.07,25.08,25.07,25.08,24.96,400
AAA,2021-02-26,25.07,25.07,25.06,25.07,24.95,1000
AAA,2021-03-01,25.05,25.05,25.04,25.05,24.95,800
AAA,2021-03-02,25.06,25.06,25.06,25.06,24.96,200
AAA,2021-03-03,25.07,25.07,25.07,25.07,24.97,300
AAA,2021-03-04,25.09,25.09,25.08,25.08,24.99,600
AAA,2021-03-05,25.1,25.1,25.08,25.09,24.99,3700
AAA,2021-03-08,25.1,25.1,25.07,25.07,24.97,13000
AAA,2021-03-09,25.06,25.07,25.05,25.07,24.97,12500
AAA,2021-03-10,25.09,25.09,25.08,25.08,24.98,1900
AAA,2021-03-11,25.09,25.09,25.08,25.08,24.98,600
AAA,2021-03-12,25.08,25.08,25.08,25.08,24.98,700
AAA,2021-03-15,25.09,25.09,25.09,25.09,24.99,100
AAA,2021-03-16,25.08,25.08,25.08,25.08,24.98,0
AAA,2021-03-17,25.09,25.09,25.09,25.09,24.99,0
AAA,2021-03-18,25.08,25.09,25.08,25.09,24.99,200
AAA,2021-03-19,25.09,25.09,25.09,25.09,24.99,600
AAA,2021-03-22,25.08,25.08,25.08,25.08,24.98,200
AAA,2021-03-23,25.07,25.09,25.06,25.06,24.96,15000
AAA,2021-03-24,25.07,25.07,25.06,25.06,24.96,500
AAA,2021-03-25,25.06,25.06,25.06,25.06,24.96,100
AAA,2021-03-26,25.06,25.06,25.06,25.06,24.96,100
AAA,2021-03-29,25.05,25.05,25.05,25.05,24.95,500
AAA,2021-03-30,25.05,25.07,25.05,25.06,24.96,15500
AAA,2021-03-31,25.04,25.04,25.04,25.04,24.97,100
AAA,2021-04-01,25.04,25.04,25.04,25.04,24.97,100
AAA,2021-04-05,25.04,25.04,25.04,25.04,24.97,100
AAA,2021-04-06,25.05,25.06,25.05,25.06,24.98,5200
AAA,2021-04-07,25.06,25.06,25.05,25.05,24.98,800
AAA,2021-04-08,25.06,25.06,25.05,25.05,24.98,200
AAA,2021-04-09,25.06,25.06,25.05,25.05,24.98,100
AAA,2021-04-12,25.05,25.05,25.05,25.05,24.98,100
AAA,2021-04-13,25.05,25.05,25.03,25.04,24.97,4000
AAA,2021-04-14,25.05,25.05,25.04,25.04,24.97,200
AAA,2021-04-15,25.04,25.05,25.04,25.05,24.98,900
AAA,2021-04-16,25.05,25.06,25.05,25.05,24.98,2300
AAA,2021-04-19,25.05,25.05,25.05,25.05,24.98,100
AAA,2021-04-20,25.05,25.06,25.04,25.05,24.98,1300
AAA,2021-04-21,25.04,25.04,25.04,25.04,24.97,100
AAA,2021-04-22,25.05,25.05,25.04,25.04,24.97,200
AAA,2021-04-23,25.05,25.05,25.04,25.05,24.97,200
AAA,2021-04-26,25.04,25.04,25.03,25.03,24.96,200
AAA,2021-04-27,25.03,25.04,25.03,25.03,24.96,1400
AAA,2021-04-28,25.03,25.12,25.02,25.04,24.97,8200
AAA,2021-04-29,25.05,25.05,25.04,25.04,24.97,600
AAA,2021-04-30,25.04,25.04,25.04,25.04,24.97,100
AAA,2021-05-03,25.0,25.0,25.0,25.0,24.96,300
AAA,2021-05-04,25.03,25.03,25.02,25.02,24.97,2000
AAA,2021-05-05,25.01,25.01,24.97,24.99,24.94,37500
AAA,2021-05-06,25.0,25.0,25.0,25.0,24.95,800
AAA,2021-05-07,24.99,24.99,24.99,24.99,24.94,800
AAA,2021-05-10,25.01,25.01,25.01,25.01,24.96,100
AAA,2021-05-11,25.02,25.02,25.01,25.01,24.96,200
AAA,2021-05-12,25.02,25.02,25.0,25.0,24.95,1800
AAA,2021-05-13,25.02,25.2,25.0,25.0,24.96,300
AAA,2021-05-14,25.02,25.02,25.0,25.0,24.96,300
AAA,2021-05-17,25.0,25.0,25.0,25.0,24.96,100
AAA,2021-05-18,25.02,25.02,25.0,25.0,24.96,500
AAA,2021-05-19,25.0,25.02,24.99,25.0,24.96,7600
AAA,2021-05-20,25.0,25.01,25.0,25.01,24.97,1200
AAA,2021-05-21,25.01,25.01,25.01,25.01,24.97,100
AAA,2021-05-24,25.0,25.02,24.91,25.01,24.97,3400
AAA,2021-05-25,25.0,25.02,25.0,25.02,24.97,9300
AAA,2021-05-26,25.01,25.01,25.01,25.01,24.97,100
AAA,2021-05-27,25.03,25.03,25.0,25.01,24.97,1400
AAA,2021-05-28,25.01,25.02,25.0,25.0,24.96,3400
AAA,2021-06-01,25.0,25.0,24.97,24.99,24.96,10400
AAA,2021-06-02,25.0,25.0,25.0,25.0,24.97,2000
AAA,2021-06-03,25.01,25.01,25.0,25.0,24.97,100
AAA,2021-06-04,25.01,25.01,25.0,25.0,24.97,200
AAA,2021-06-07,25.0,25.0,25.0,25.0,24.97,100
AAA,2021-06-08,25.01,25.01,25.0,25.0,24.97,100
AAA,2021-06-09,25.01,25.01,25.01,25.01,24.99,100
AAA,2021-06-10,25.02,25.02,25.0,25.0,24.98,600
AAA,2021-06-11,25.01,25.01,25.01,25.01,24.99,100
AAA,2021-06-14,25.01,25.01,25.01,25.01,24.99,200
AAA,2021-06-15,25.01,25.01,25.01,25.01,24.99,100
AAA,2021-06-16,25.02,25.02,25.01,25.01,24.99,100
AAA,2021-06-17,25.02,25.02,25.01,25.01,24.99,200
AAA,2021-06-18,25.03,25.04,25.03,25.04,25.02,600
AAA,2021-06-21,25.03,25.03,25.02,25.02,25.0,1000
AAA,2021-06-22,25.01,25.03,25.01,25.02,25.0,2200
AAA,2021-06-23,25.0,25.04,25.0,25.0,24.98,1800
AAA,2021-06-24,25.02,25.02,25.02,25.02,25.0,1200
AAA,2021-06-25,25.03,25.04,25.01,25.01,24.99,1200
AAA,2021-06-28,25.04,25.04,25.01,25.02,25.0,1400
AAA,2021-06-29,25.04,25.04,25.02,25.02,25.0,2800
AAA,2021-06-30,25.04,25.04,25.01,25.02,25.0,3100
AAAU,2021-01-04,19.33,19.36,19.22,19.35,19.35,767800
AAAU,2021-01-05,19.42,19.44,19.31,19.41,19.41,607000
AAAU,2021-01-06,19.27,19.27,18.93,19.1,19.1,1425400
AAAU,2021-01-07,19.07,19.1,18.99,19.05,19.05,330200
AAAU,2021-01-08,18.78,18.78,18.22,18.41,18.41,1217300
AAAU,2021-01-11,18.27,18.44,18.27,18.38,18.38,441700
AAAU,2021-01-12,18.39,18.49,18.3,18.49,18.49,497800
AAAU,2021-01-13,18.45,18.52,18.39,18.4,18.4,665100
AAAU,2021-01-14,18.41,18.5,18.34,18.4,18.4,682400
AAAU,2021-01-15,18.36,18.37,18.16,18.18,18.18,333500
AAAU,2021-01-19,18.34,18.35,18.26,18.31,18.31,3583100
AAAU,2021-01-20,18.52,18.63,18.46,18.63,18.63,355500
AAAU,2021-01-21,18.6,18.63,18.53,18.62,18.62,222000
AAAU,2021-01-22,18.37,18.5,18.31,18.47,18.47,539700
AAAU,2021-01-25,18.55,18.58,18.4,18.47,18.47,632000
AAAU,2021-01-26,18.47,18.5,18.42,18.44,18.44,3794000
AAAU,2021-01-27,18.37,18.41,18.24,18.34,18.34,569600
AAAU,2021-01-28,18.5,18.55,18.27,18.33,18.33,614100
AAAU,2021-01-29,18.56,18.59,18.35,18.35,18.35,616300
AAAU,2021-02-01,18.58,18.61,18.49,18.52,18.52,573400
AAAU,2021-02-02,18.31,18.32,18.22,18.27,18.27,353500
AAAU,2021-02-03,18.29,18.32,18.22,18.25,18.25,538600
AAAU,2021-02-04,17.86,17.88,17.78,17.85,17.85,845700
AAAU,2021-02-05,17.93,18.07,17.91,18.04,18.04,398300
AAAU,2021-02-08,18.27,18.3,18.22,18.23,18.23,773900
AAAU,2021-02-09,18.32,18.38,18.25,18.27,18.27,582300
AAAU,2021-02-10,18.38,18.39,18.27,18.34,18.34,792400
AAAU,2021-02-11,18.35,18.36,18.14,18.17,18.17,393100
AAAU,2021-02-12,18.09,18.22,18.04,18.12,18.12,606700
AAAU,2021-02-16,17.85,18.06,17.82,17.86,17.86,575600
AAAU,2021-02-17,17.74,17.77,17.62,17.66,17.66,1029000
AAAU,2021-02-18,17.73,17.77,17.6,17.66,17.66,796300
AAAU,2021-02-19,17.7,17.83,17.7,17.75,17.75,780600
AAAU,2021-02-22,17.91,18.04,17.88,18.0,18.0,572200
AAAU,2021-02-23,18.01,18.03,17.88,17.95,17.95,1068300
AAAU,2021-02-24,17.8,17.96,17.76,17.95,17.95,982500
AAAU,2021-02-25,17.73,17.81,17.57,17.62,17.62,1380100
AAAU,2021-02-26,17.53,17.53,17.1,17.19,17.19,1249100
AAAU,2021-03-01,17.3,17.35,17.12,17.16,17.16,505500
AAAU,2021-03-02,17.19,17.3,17.13,17.24,17.24,369500
AAAU,2021-03-03,17.07,17.17,16.94,17.06,17.06,1214600
AAAU,2021-03-04,17.06,17.14,16.83,16.89,16.89,1146700
AAAU,2021-03-05,16.95,16.97,16.84,16.9,16.9,304100
AAAU,2021-03-08,16.84,16.85,16.69,16.72,16.72,593100
AAAU,2021-03-09,17.06,17.12,17.04,17.08,17.08,387400
AAAU,2021-03-10,17.1,17.18,17.06,17.16,17.16,346700
AAAU,2021-03-11,17.16,17.2,17.12,17.15,17.15,1166000
AAAU,2021-03-12,16.94,17.18,16.93,17.16,17.16,735100
AAAU,2021-03-15,17.23,17.27,17.15,17.23,17.23,386900
AAAU,2021-03-16,17.26,17.33,17.2,17.25,17.25,324100
AAAU,2021-03-17,17.25,17.43,17.16,17.36,17.36,510000
AAAU,2021-03-18,17.1,17.29,17.1,17.28,17.28,385300
AAAU,2021-03-19,17.26,17.36,17.26,17.33,17.33,239700
AAAU,2021-03-22,17.25,17.33,17.22,17.31,17.31,358500
AAAU,2021-03-23,17.27,17.27,17.17,17.18,17.18,589100
AAAU,2021-03-24,17.24,17.3,17.2,17.24,17.24,722300
AAAU,2021-03-25,17.31,17.37,17.14,17.2,17.2,968800
AAAU,2021-03-26,17.17,17.28,17.17,17.24,17.24,387800
AAAU,2021-03-29,17.15,17.16,16.99,17.02,17.02,416400
AAAU,2021-03-30,16.77,16.8,16.73,16.75,16.75,458400
AAAU,2021-03-31,16.78,17.07,16.78,16.99,16.99,280800
AAAU,2021-04-01,17.16,17.22,17.14,17.2,17.2,386900
AAAU,2021-04-05,17.16,17.25,17.15,17.21,17.21,240000
AAAU,2021-04-06,17.28,17.38,17.28,17.33,17.33,686000
AAAU,2021-04-07,17.31,17.34,17.27,17.3,17.3,371100
AAAU,2021-04-08,17.43,17.5,17.43,17.48,17.48,375000
AAAU,2021-04-09,17.3,17.38,17.26,17.34,17.34,828100
AAAU,2021-04-12,17.28,17.29,17.19,17.23,17.23,549700
AAAU,2021-04-13,17.33,17.4,17.32,17.37,17.37,406900
AAAU,2021-04-14,17.3,17.32,17.25,17.28,17.28,205500
AAAU,2021-04-15,17.42,17.61,17.42,17.57,17.57,495600
AAAU,2021-04-16,17.65,17.72,17.64,17.68,17.68,505200
AAAU,2021-04-19,17.63,17.68,17.61,17.62,17.62,470300
AAAU,2021-04-20,17.61,17.72,17.6,17.7,17.7,434400
AAAU,2021-04-21,17.75,17.89,17.75,17.87,17.87,786900
AAAU,2021-04-22,17.76,17.8,17.69,17.74,17.74,280100
AAAU,2021-04-23,17.79,17.8,17.62,17.68,17.68,301100
AAAU,2021-04-26,17.72,17.73,17.65,17.73,17.73,515600
AAAU,2021-04-27,17.74,17.76,17.67,17.69,17.69,239500
AAAU,2021-04-28,17.62,17.74,17.59,17.74,17.74,419300
AAAU,2021-04-29,17.6,17.67,17.49,17.67,17.67,562700
AAAU,2021-04-30,17.63,17.64,17.56,17.6,17.6,431200
AAAU,2021-05-03,17.8,17.89,17.8,17.83,17.83,382900
AAAU,2021-05-04,17.82,17.9,17.63,17.69,17.69,594000
AAAU,2021-05-05,17.71,17.78,17.71,17.78,17.78,323200
AAAU,2021-05-06,17.85,18.09,17.84,18.07,18.07,472100
AAAU,2021-05-07,18.23,18.33,18.17,18.22,18.22,365400
AAAU,2021-05-10,18.36,18.36,18.26,18.29,18.29,157000
AAAU,2021-05-11,18.12,18.3,18.1,18.3,18.3,264100
AAAU,2021-05-12,18.21,18.26,18.1,18.12,18.12,655200
AAAU,2021-05-13,18.11,18.19,18.09,18.19,18.19,216800
AAAU,2021-05-14,18.29,18.35,18.26,18.34,18.34,209300
AAAU,2021-05-17,18.42,18.59,18.42,18.57,18.57,304100
AAAU,2021-05-18,18.62,18.62,18.54,18.61,18.61,219800
AAAU,2021-05-19,18.62,18.81,18.54,18.61,18.61,922100
AAAU,2021-05-20,18.64,18.75,18.61,18.69,18.69,604000
AAAU,2021-05-21,18.77,18.79,18.62,18.7,18.7,342600
AAAU,2021-05-24,18.72,18.77,18.68,18.75,18.75,296800
AAAU,2021-05-25,18.73,18.91,18.71,18.91,18.91,505700
AAAU,2021-05-26,18.96,18.98,18.82,18.87,18.87,382900
AAAU,2021-05-27,18.85,18.9,18.79,18.89,18.89,254300
AAAU,2021-05-28,18.87,18.96,18.84,18.95,18.95,409000
AAAU,2021-06-01,18.99,19.0,18.83,18.9,18.9,393700
AAAU,2021-06-02,18.95,19.0,18.92,19.0,19.0,321300
AAAU,2021-06-03,18.69,18.69,18.56,18.63,18.63,252900
AAAU,2021-06-04,18.78,18.87,18.78,18.83,18.83,294300
AAAU,2021-06-07,18.8,18.91,18.77,18.91,18.91,387100
AAAU,2021-06-08,18.84,18.87,18.75,18.85,18.85,687800
AAAU,2021-06-09,18.86,18.89,18.79,18.81,18.81,343500
AAAU,2021-06-10,18.77,18.9,18.75,18.88,18.88,352800
AAAU,2021-06-11,18.75,18.76,18.66,18.68,18.68,381100
AAAU,2021-06-14,18.41,18.6,18.39,18.57,18.57,348800
AAAU,2021-06-15,18.58,18.58,18.43,18.5,18.5,199000
AAAU,2021-06-16,18.49,18.54,18.18,18.19,18.19,514700
AAAU,2021-06-17,17.74,17.81,17.59,17.63,17.63,646100
AAAU,2021-06-18,17.65,17.71,17.54,17.54,17.54,379700
AAAU,2021-06-21,17.7,17.77,17.65,17.75,17.75,317500
AAAU,2021-06-22,17.69,17.74,17.65,17.68,17.68,290600
AAAU,2021-06-23,17.75,17.85,17.65,17.65,17.65,536200
AAAU,2021-06-24,17.75,17.76,17.65,17.66,17.66,352000
AAAU,2021-06-25,17.81,17.81,17.67,17.71,17.71,248000
AAAU,2021-06-28,17.72,17.73,17.68,17.71,17.71,250900
AAAU,2021-06-29,17.48,17.57,17.44,17.53,17.53,368700
AAAU,2021-06-30,17.5,17.65,17.47,17.6,17.6,303100
AADR,2021-01-04,61.95,62.12,61.12,61.44,61.11,47800
AADR,2021-01-05,61.56,62.17,61.56,61.82,61.49,8600
AADR,2021-01-06,61.86,62.32,61.62,61.82,61.49,23600
AADR,2021-01-07,62.0,62.49,62.0,62.41,62.08,3200
AADR,2021-01-08,62.8,63.01,62.63,62.92,62.59,1900
AADR,2021-01-11,62.17,63.0,62.17,62.8,62.47,14700
AADR,2021-01-12,62.78,62.97,62.65,62.92,62.59,2000
AADR,2021-01-13,62.67,63.06,62.67,62.96,62.63,3300
AADR,2021-01-14,63.3,63.53,63.29,63.4,63.06,2800
AADR,2021-01-15,62.23,62.46,62.23,62.31,61.98,1400
AADR,2021-01-19,63.23,63.43,62.81,63.43,63.09,5400
AADR,2021-01-20,63.73,64.42,63.53,64.41,64.07,4400
AADR,2021-01-21,64.29,64.42,63.94,64.29,63.95,2800
AADR,2021-01-22,63.11,63.94,63.11,63.94,63.6,8300
AADR,2021-01-25,63.79,63.79,62.77,63.09,62.76,3100
AADR,2021-01-26,63.04,63.04,62.42,62.42,62.09,13000
AADR,2021-01-27,61.22,61.22,59.91,59.91,59.59,6600
AADR,2021-01-28,61.0,61.6,61.0,61.22,60.9,2500
AADR,2021-01-29,60.8,60.87,59.75,60.16,59.84,6100
AADR,2021-02-01,60.06,61.95,60.06,61.88,61.55,4700
AADR,2021-02-02,62.63,62.94,62.61,62.92,62.59,4000
AADR,2021-02-03,63.82,63.89,63.73,63.82,63.48,3000
AADR,2021-02-04,63.08,63.72,63.08,63.67,63.33,6100
AADR,2021-02-05,64.31,64.84,64.31,64.82,64.48,7100
AADR,2021-02-08,65.02,65.8,65.02,65.8,65.45,8000
AADR,2021-02-09,65.91,66.11,65.77,65.85,65.5,6000
AADR,2021-02-10,66.52,66.52,66.03,66.03,65.68,1100
AADR,2021-02-11,66.84,66.84,66.25,66.77,66.42,2900
AADR,2021-02-12,66.96,67.15,66.78,67.0,66.65,3800
AADR,2021-02-16,66.78,67.24,66.78,67.24,66.88,3100
AADR,2021-02-17,65.71,66.67,65.67,66.44,66.09,3600
AADR,2021-02-18,65.43,65.43,65.0,65.41,65.06,2000
AADR,2021-02-19,66.38,66.5,66.03,66.21,65.86,7000
AADR,2021-02-22,65.41,65.71,65.0,65.0,64.66,1500
AADR,2021-02-23,63.29,64.6,63.29,64.6,64.26,3200
AADR,2021-02-24,64.21,65.0,64.21,65.0,64.66,2700
AADR,2021-02-25,64.25,64.25,63.19,63.2,62.87,20000
AADR,2021-02-26,62.05,63.2,62.05,62.71,62.38,16300
AADR,2021-03-01,63.4,64.45,63.4,64.3,63.96,3400
AADR,2021-03-02,64.01,64.49,64.01,64.18,63.84,7000
AADR,2021-03-03,63.95,63.95,63.21,63.21,62.88,2600
AADR,2021-03-04,62.63,63.3,60.54,60.77,60.45,3100
AADR,2021-03-05,61.08,61.74,59.55,61.74,61.41,6200
AADR,2021-03-08,61.58,61.74,60.63,60.76,60.44,4700
AADR,2021-03-09,61.62,62.9,61.62,62.87,62.54,4100
AADR,2021-03-10,63.31,63.31,62.08,62.5,62.17,4500
AADR,2021-03-11,64.15,64.74,64.15,64.73,64.39,4600
AADR,2021-03-12,63.23,64.07,63.22,64.04,63.7,2600
AADR,2021-03-15,64.2,64.22,63.97,64.22,63.88,3900
AADR,2021-03-16,64.55,64.73,64.17,64.49,64.15,4000
AADR,2021-03-17,63.64,64.89,63.64,64.64,64.3,1800
AADR,2021-03-18,64.26,64.45,63.36,63.36,63.02,9400
AADR,2021-03-19,63.02,63.62,63.02,63.53,63.19,3800
AADR,2021-03-22,63.44,63.95,63.44,63.67,63.33,2800
AADR,2021-03-23,63.21,63.21,61.93,61.96,61.63,2900
AADR,2021-03-24,61.78,61.78,60.41,60.41,60.09,8600
AADR,2021-03-25,59.96,61.16,59.96,60.95,60.63,5900
AADR,2021-03-26,61.09,62.05,60.97,62.05,61.72,5100
AADR,2021-03-29,61.59,61.59,60.78,61.12,60.8,2800
AADR,2021-03-30,61.76,62.28,61.76,61.99,61.66,1900
AADR,2021-03-31,62.56,62.69,62.21,62.33,62.0,3200
AADR,2021-04-01,63.04,63.51,63.01,63.51,63.17,2900
AADR,2021-04-05,63.72,64.1,63.72,64.1,63.76,1300
AADR,2021-04-06,64.35,64.43,63.94,64.03,63.69,5200
AADR,2021-04-07,63.79,63.79,63.3,63.3,62.96,1900
AADR,2021-04-08,63.8,64.04,63.8,63.9,63.56,2100
AADR,2021-04-09,63.32,63.78,63.32,63.7,63.36,3500
AADR,2021-04-12,63.05,63.05,62.13,62.13,61.8,1100
AADR,2021-04-13,62.44,63.06,62.44,63.02,62.69,36800
AADR,2021-04-14,63.95,63.95,63.36,63.36,63.02,3000
AADR,2021-04-15,63.81,63.99,63.75,63.78,63.44,2300
AADR,2021-04-16,64.19,64.73,64.19,64.67,64.33,5500
AADR,2021-04-19,64.67,64.67,63.75,63.99,63.65,4400
AADR,2021-04-20,63.56,63.56,62.49,62.83,62.5,1600
AADR,2021-04-21,64.02,64.53,64.0,64.53,64.19,2400
AADR,2021-04-22,64.8,65.25,64.65,64.69,64.35,2700
AADR,2021-04-23,65.6,65.79,65.6,65.79,65.44,900
AADR,2021-04-26,65.81,66.48,65.81,66.48,66.13,2200
AADR,2021-04-27,66.5,66.71,66.47,66.54,66.19,6900
AADR,2021-04-28,66.46,66.92,66.46,66.74,66.39,1700
AADR,2021-04-29,66.1,66.41,66.1,66.41,66.06,1200
AADR,2021-04-30,65.85,65.85,65.12,65.16,64.81,3000
AADR,2021-05-03,65.83,66.07,65.81,65.88,65.53,2200
AADR,2021-05-04,65.41,65.41,64.51,64.62,64.28,2700
AADR,2021-05-05,65.94,66.33,65.31,65.55,65.2,10000
AADR,2021-05-06,64.99,65.37,64.99,65.37,65.02,600
AADR,2021-05-07,65.82,66.68,65.82,66.68,66.33,1000
AADR,2021-05-10,67.08,67.08,65.59,65.59,65.24,3100
AADR,2021-05-11,65.16,65.27,64.9,65.27,64.92,10200
AADR,2021-05-12,64.92,64.92,63.25,63.25,62.92,8600
AADR,2021-05-13,63.64,63.85,62.41,63.02,62.69,1900
AADR,2021-05-14,63.43,64.75,63.43,64.75,64.41,2000
AADR,2021-05-17,64.83,64.92,64.61,64.91,64.57,13800
AADR,2021-05-18,65.3,65.44,64.9,65.19,64.84,2400
AADR,2021-05-19,63.57,63.99,63.17,63.88,63.54,2600
AADR,2021-05-20,64.1,64.72,64.1,64.72,64.38,600
AADR,2021-05-21,64.9,64.9,64.36,64.36,64.02,2100
AADR,2021-05-24,64.99,65.19,64.77,65.19,64.84,4300
AADR,2021-05-25,65.29,65.29,64.41,64.42,64.08,1500
AADR,2021-05-26,64.88,64.98,64.87,64.96,64.62,800
AADR,2021-05-27,65.45,65.91,65.45,65.91,65.56,1500
AADR,2021-05-28,66.17,66.47,66.17,66.29,65.94,2300
AADR,2021-06-01,67.48,67.79,67.48,67.79,67.43,1600
AADR,2021-06-02,67.43,67.93,67.43,67.93,67.57,1600
AADR,2021-06-03,67.75,67.75,66.8,66.8,66.45,2000
AADR,2021-06-04,67.37,67.37,67.37,67.37,67.01,1700
AADR,2021-06-07,67.52,67.87,67.52,67.87,67.51,1200
AADR,2021-06-08,67.4,67.52,67.4,67.52,67.16,1200
AADR,2021-06-09,67.52,67.52,67.52,67.52,67.16,0
AADR,2021-06-10,68.22,68.22,67.64,67.9,67.54,900
AADR,2021-06-11,67.98,68.21,67.96,68.21,67.85,1300
AADR,2021-06-14,68.16,68.29,67.94,68.04,67.68,1200
AADR,2021-06-15,67.65,67.65,67.54,67.54,67.18,1200
AADR,2021-06-16,66.86,66.86,66.0,66.41,66.06,1900
AADR,2021-06-17,65.8,65.8,65.0,65.42,65.07,1800
AADR,2021-06-18,64.61,65.07,58.48,64.35,64.01,4400
AADR,2021-06-21,65.61,65.83,65.61,65.83,65.48,700
AADR,2021-06-22,65.29,65.83,65.29,65.83,65.48,900
AADR,2021-06-23,66.0,66.1,65.98,66.04,65.69,1400
AADR,2021-06-24,66.58,66.98,66.58,66.95,66.74,1400
AADR,2021-06-25,67.22,67.22,66.86,66.86,66.65,1200
AADR,2021-06-28,66.17,66.42,66.17,66.42,66.21,1800
AADR,2021-06-29,66.38,66.8,66.38,66.72,66.51,2600
AADR,2021-06-30,66.8,66.8,66.47,66.47,66.26,700
AAXJ,2021-01-04,91.24,91.55,90.06,90.43,90.16,1163500
AAXJ,2021-01-05,91.47,92.72,91.47,92.65,92.38,1247700
AAXJ,2021-01-06,92.01,92.74,91.39,91.64,91.37,1613000
AAXJ,2021-01-07,92.19,92.67,91.74,92.56,92.29,1758300
AAXJ,2021-01-08,94.27,95.14,93.84,95.14,94.86,1811400
AAXJ,2021-01-11,94.22,94.4,93.89,94.02,93.74,2402700
AAXJ,2021-01-12,94.71,95.04,94.36,94.68,94.4,1776800
AAXJ,2021-01-13,95.03,95.51,94.59,95.06,94.78,639800
AAXJ,2021-01-14,96.08,96.42,95.69,95.83,95.55,1037800
AAXJ,2021-01-15,94.97,95.2,94.46,94.73,94.45,1309300
AAXJ,2021-01-19,97.01,97.1,96.5,96.57,96.28,1293200
AAXJ,2021-01-20,98.39,98.62,97.94,98.57,98.28,1155400
AAXJ,2021-01-21,99.01,99.09,98.36,99.0,98.71,1507300
AAXJ,2021-01-22,97.55,98.36,97.45,98.14,97.85,607500
AAXJ,2021-01-25,99.29,99.59,98.22,99.19,98.9,674000
AAXJ,2021-01-26,98.13,98.22,97.62,98.18,97.89,691600
AAXJ,2021-01-27,96.09,96.48,95.3,95.32,95.04,953300
AAXJ,2021-01-28,94.64,96.25,94.5,95.89,95.61,1309500
AAXJ,2021-01-29,94.05,94.46,93.15,93.52,93.24,1113700
AAXJ,2021-02-01,95.72,96.32,95.2,96.28,95.99,743400
AAXJ,2021-02-02,97.67,97.73,97.14,97.5,97.21,1417500
AAXJ,2021-02-03,98.19,98.31,97.65,98.11,97.82,1507200
AAXJ,2021-02-04,97.8,98.0,97.23,98.0,97.71,637300
AAXJ,2021-02-05,98.31,98.73,97.95,98.73,98.44,1203600
AAXJ,2021-02-08,98.5,99.02,98.39,99.02,98.73,1502600
AAXJ,2021-02-09,99.28,100.18,99.08,100.08,99.78,802200
AAXJ,2021-02-10,101.06,101.21,99.78,100.37,100.07,1380500
AAXJ,2021-02-11,101.4,102.03,101.29,101.69,101.39,618700
AAXJ,2021-02-12,101.33,101.92,101.13,101.7,101.4,674300
AAXJ,2021-02-16,102.29,102.44,101.62,101.83,101.53,901700
AAXJ,2021-02-17,101.89,102.1,101.4,102.08,101.78,882200
AAXJ,2021-02-18,100.38,100.53,99.39,100.42,100.12,1414200
AAXJ,2021-02-19,101.2,101.66,100.94,101.2,100.9,868100
AAXJ,2021-02-22,98.82,99.28,98.26,98.3,98.01,1634600
AAXJ,2021-02-23,97.61,99.1,96.77,98.76,98.47,1742400
AAXJ,2021-02-24,97.34,97.72,96.25,97.66,97.37,3583000
AAXJ,2021-02-25,98.1,98.16,95.79,95.98,95.7,908400
AAXJ,2021-02-26,95.1,95.27,93.88,94.65,94.37,1621500
AAXJ,2021-03-01,96.56,97.47,96.3,97.34,97.05,582300
AAXJ,2021-03-02,96.59,96.59,95.82,95.93,95.65,1029200
AAXJ,2021-03-03,97.03,97.23,95.59,95.62,95.34,2076100
AAXJ,2021-03-04,95.22,95.58,92.85,93.39,93.11,931300
AAXJ,2021-03-05,94.65,94.65,92.54,94.46,94.18,597100
AAXJ,2021-03-08,92.72,92.8,91.59,91.61,91.34,1053100
AAXJ,2021-03-09,92.88,94.26,92.88,93.78,93.5,743700
AAXJ,2021-03-10,94.22,94.22,92.79,93.18,92.9,1387000
AAXJ,2021-03-11,95.38,96.15,94.99,96.07,95.79,625200
AAXJ,2021-03-12,93.9,94.17,93.45,94.07,93.79,1289500
AAXJ,2021-03-15,93.72,94.4,93.44,94.4,94.12,670600
AAXJ,2021-03-16,94.75,95.1,94.4,94.87,94.59,335500
AAXJ,2021-03-17,93.78,95.19,93.49,94.88,94.6,534600
AAXJ,2021-03-18,94.32,94.39,93.31,93.45,93.17,599000
AAXJ,2021-03-19,93.48,94.37,93.12,94.3,94.02,450000
AAXJ,2021-03-22,94.05,94.53,93.63,94.22,93.94,548100
AAXJ,2021-03-23,93.06,93.24,92.33,92.47,92.2,726800
AAXJ,2021-03-24,91.78,91.78,90.0,90.01,89.74,1461400
AAXJ,2021-03-25,89.99,90.79,89.9,90.43,90.16,896500
AAXJ,2021-03-26,91.17,92.75,90.87,92.56,92.29,1124700
AAXJ,2021-03-29,92.02,92.4,91.69,92.1,91.83,566200
AAXJ,2021-03-30,92.2,92.78,91.87,92.4,92.13,1374600
AAXJ,2021-03-31,92.01,92.97,92.01,92.66,92.39,269400
AAXJ,2021-04-01,93.97,94.2,93.6,93.71,93.43,677100
AAXJ,2021-04-05,94.23,94.26,93.74,93.97,93.69,686900
AAXJ,2021-04-06,94.01,94.98,93.81,94.56,94.28,1054600
AAXJ,2021-04-07,93.11,93.26,92.68,92.98,92.7,769900
AAXJ,2021-04-08,94.21,94.34,93.91,93.93,93.65,584800
AAXJ,2021-04-09,93.04,93.25,92.83,93.25,92.97,1276500
AAXJ,2021-04-12,92.59,92.59,92.18,92.41,92.14,2127300
AAXJ,2021-04-13,92.51,93.08,92.35,92.88,92.6,1985800
AAXJ,2021-04-14,93.81,93.86,93.17,93.32,93.04,693500
AAXJ,2021-04-15,93.95,93.98,93.54,93.9,93.62,610600
AAXJ,2021-04-16,94.13,94.24,93.79,94.1,93.82,696800
AAXJ,2021-04-19,93.91,94.11,93.44,93.79,93.51,419100
AAXJ,2021-04-20,93.86,93.97,92.83,93.16,92.88,1036700
AAXJ,2021-04-21,92.7,93.68,92.47,93.6,93.32,405600
AAXJ,2021-04-22,93.83,93.85,92.95,93.26,92.98,663900
AAXJ,2021-04-23,94.22,94.73,94.21,94.66,94.38,1032800
AAXJ,2021-04-26,94.38,94.81,94.32,94.78,94.5,2443700
AAXJ,2021-04-27,94.78,95.01,94.67,94.85,94.57,515800
AAXJ,2021-04-28,95.1,95.68,94.81,95.28,95.0,860600
AAXJ,2021-04-29,95.81,95.81,94.43,95.21,94.93,750800
AAXJ,2021-04-30,93.92,94.19,93.43,93.68,93.4,426700
AAXJ,2021-05-03,93.54,93.88,93.16,93.51,93.23,384600
AAXJ,2021-05-04,92.87,93.04,91.74,92.49,92.22,1182700
AAXJ,2021-05-05,92.83,92.97,92.42,92.61,92.34,1509000
AAXJ,2021-05-06,92.94,93.42,92.71,93.39,93.11,1635200
AAXJ,2021-05-07,93.92,94.61,93.8,94.12,93.84,1101700
AAXJ,2021-05-10,93.73,93.73,92.36,92.41,92.14,1879100
AAXJ,2021-05-11,90.44,91.93,90.4,91.74,91.47,2109900
AAXJ,2021-05-12,90.4,90.65,89.28,89.35,89.09,3942400
AAXJ,2021-05-13,89.65,90.04,88.82,89.29,89.03,2134400
AAXJ,2021-05-14,90.33,90.94,90.06,90.77,90.5,2823100
AAXJ,2021-05-17,90.14,90.63,89.96,90.61,90.34,1030200
AAXJ,2021-05-18,91.83,92.4,91.79,91.86,91.59,764500
AAXJ,2021-05-19,90.99,92.08,90.7,91.85,91.58,519900
AAXJ,2021-05-20,91.99,92.48,91.94,92.39,92.12,415800
AAXJ,2021-05-21,92.32,92.32,91.14,91.27,91.0,365300
AAXJ,2021-05-24,91.76,92.25,91.55,92.02,91.75,631600
AAXJ,2021-05-25,93.49,93.49,92.98,93.3,93.02,1101300
AAXJ,2021-05-26,93.71,93.99,93.58,93.9,93.62,572100
AAXJ,2021-05-27,94.0,94.13,93.69,93.84,93.56,1283500
AAXJ,2021-05-28,94.08,94.59,94.01,94.33,94.05,847400
AAXJ,2021-06-01,96.34,96.39,95.72,96.06,95.78,495400
AAXJ,2021-06-02,95.82,95.94,95.58,95.84,95.56,368600
AAXJ,2021-06-03,94.88,95.09,94.57,94.75,94.47,694500
AAXJ,2021-06-04,95.31,95.58,95.26,95.58,95.3,429700
AAXJ,2021-06-07,95.08,95.24,94.58,95.02,94.74,720200
AAXJ,2021-06-08,94.71,94.76,94.21,94.54,94.26,809300
AAXJ,2021-06-09,94.34,94.65,94.1,94.14,93.86,709200
AAXJ,2021-06-10,94.32,94.78,94.28,94.72,94.72,351600
AAXJ,2021-06-11,94.51,94.62,94.13,94.62,94.62,4302200
AAXJ,2021-06-14,94.62,94.94,94.5,94.9,94.9,405600
AAXJ,2021-06-15,94.51,94.51,93.88,93.99,93.99,441000
AAXJ,2021-06-16,93.87,93.99,92.54,92.75,92.75,565800
AAXJ,2021-06-17,93.13,93.74,93.13,93.49,93.49,578300
AAXJ,2021-06-18,93.2,93.25,92.74,92.9,92.9,1116300
AAXJ,2021-06-21,92.7,93.11,92.27,93.09,93.09,859300
AAXJ,2021-06-22,92.75,92.75,92.09,92.6,92.6,1025700
AAXJ,2021-06-23,93.34,93.78,93.2,93.26,93.26,545400
AAXJ,2021-06-24,93.79,94.12,93.74,94.06,94.06,1304400
AAXJ,2021-06-25,94.85,94.96,94.53,94.88,94.88,1986200
AAXJ,2021-06-28,94.92,95.16,94.86,95.13,95.13,759100
AAXJ,2021-06-29,94.32,95.03,94.09,95.03,95.03,788700
AAXJ,2021-06-30,94.33,94.69,94.27,94.5,94.5,275100
ABEQ,2021-01-04,25.6,25.6,25.3,25.42,25.38,6900
ABEQ,2021-01-05,25.36,25.53,25.32,25.51,25.47,2400
ABEQ,2021-01-06,25.69,25.89,25.69,25.89,25.85,100
ABEQ,2021-01-07,26.02,26.07,25.98,26.07,26.02,6600
ABEQ,2021-01-08,26.01,26.01,25.98,26.01,25.97,700
ABEQ,2021-01-11,25.88,25.95,25.88,25.92,25.88,1500
ABEQ,2021-01-12,25.92,26.03,25.9,26.0,25.95,700
ABEQ,2021-01-13,25.87,25.99,25.87,25.98,25.94,22600
ABEQ,2021-01-14,25.98,26.08,25.98,26.05,26.01,28400
ABEQ,2021-01-15,25.79,25.9,25.79,25.89,25.85,1100
ABEQ,2021-01-19,25.81,25.95,25.81,25.95,25.91,6700
ABEQ,2021-01-20,26.0,26.06,25.89,25.95,25.9,57900
ABEQ,2021-01-21,25.87,25.87,25.75,25.75,25.71,18300
ABEQ,2021-01-22,25.67,25.77,25.67,25.77,25.73,1400
ABEQ,2021-01-25,25.59,25.72,25.51,25.69,25.65,7700
ABEQ,2021-01-26,25.81,25.83,25.74,25.79,25.75,6200
ABEQ,2021-01-27,25.41,25.45,25.28,25.33,25.29,1900
ABEQ,2021-01-28,25.47,25.63,25.44,25.62,25.58,5500
ABEQ,2021-01-29,25.92,25.92,25.24,25.34,25.3,11300
ABEQ,2021-02-01,25.33,25.39,25.33,25.36,25.32,700
ABEQ,2021-02-02,25.74,25.74,25.47,25.57,25.52,3200
ABEQ,2021-02-03,25.87,25.87,25.5,25.65,25.61,4100
ABEQ,2021-02-04,25.69,25.84,25.69,25.84,25.8,1200
ABEQ,2021-02-05,26.21,26.21,25.84,25.95,25.91,6000
ABEQ,2021-02-08,26.6,27.33,25.97,26.13,26.09,1400
ABEQ,2021-02-09,26.01,26.14,25.95,26.13,26.09,3400
ABEQ,2021-02-10,26.45,26.45,25.91,26.03,25.99,900
ABEQ,2021-02-11,26.33,26.33,25.88,26.0,25.96,1200
ABEQ,2021-02-12,25.87,25.98,25.87,25.97,25.93,7100
ABEQ,2021-02-16,25.84,25.91,25.82,25.82,25.77,1300
ABEQ,2021-02-17,25.64,25.64,25.61,25.61,25.57,5500
ABEQ,2021-02-18,25.49,25.55,25.47,25.53,25.49,62200
ABEQ,2021-02-19,25.49,25.49,25.41,25.41,25.37,3800
ABEQ,2021-02-22,25.56,25.82,25.53,25.82,25.78,5200
ABEQ,2021-02-23,25.72,25.89,25.72,25.89,25.84,13500
ABEQ,2021-02-24,25.94,26.05,25.94,26.04,26.0,4400
ABEQ,2021-02-25,26.0,26.0,25.6,25.65,25.61,5300
ABEQ,2021-02-26,25.48,25.5,25.35,25.36,25.32,10500
ABEQ,2021-03-01,25.59,25.84,25.57,25.66,25.62,37500
ABEQ,2021-03-02,25.68,25.8,25.68,25.69,25.65,3900
ABEQ,2021-03-03,25.55,25.75,25.51,25.58,25.54,39600
ABEQ,2021-03-04,25.61,25.68,25.22,25.36,25.32,9600
ABEQ,2021-03-05,25.89,25.89,25.33,25.78,25.74,9100
ABEQ,2021-03-08,25.93,26.15,25.93,25.96,25.92,5900
ABEQ,2021-03-09,26.1,26.1,25.91,25.91,25.87,900
ABEQ,2021-03-10,26.38,26.38,26.07,26.22,26.18,18700
ABEQ,2021-03-11,26.26,26.27,26.19,26.19,26.15,24500
ABEQ,2021-03-12,26.32,26.36,26.27,26.36,26.31,16400
ABEQ,2021-03-15,26.32,26.44,26.3,26.44,26.39,18900
ABEQ,2021-03-16,26.35,26.43,26.35,26.42,26.38,12700
ABEQ,2021-03-17,26.37,26.56,26.36,26.56,26.52,26300
ABEQ,2021-03-18,26.56,26.59,26.42,26.43,26.39,11600
ABEQ,2021-03-19,26.37,26.42,26.33,26.33,26.29,9500
ABEQ,2021-03-22,26.27,26.34,26.23,26.34,26.3,20600
ABEQ,2021-03-23,26.22,26.22,25.97,25.97,25.93,7800
ABEQ,2021-03-24,26.11,26.17,26.04,26.04,26.0,1600
ABEQ,2021-03-25,26.37,26.37,25.97,26.15,26.1,94100
ABEQ,2021-03-26,26.29,26.46,26.29,26.46,26.42,21900
ABEQ,2021-03-29,26.34,26.51,26.34,26.44,26.4,8600
ABEQ,2021-03-30,26.33,26.38,26.31,26.31,26.26,4800
ABEQ,2021-03-31,26.34,26.38,26.23,26.23,26.19,3500
ABEQ,2021-04-01,26.28,26.45,26.28,26.45,26.41,8900
ABEQ,2021-04-05,26.64,26.68,26.62,26.66,26.62,9700
ABEQ,2021-04-06,26.7,26.75,26.67,26.67,26.63,4800
ABEQ,2021-04-07,26.52,26.59,26.52,26.59,26.55,3500
ABEQ,2021-04-08,26.68,26.68,26.67,26.67,26.62,200
ABEQ,2021-04-09,26.66,26.76,26.66,26.76,26.72,800
ABEQ,2021-04-12,26.77,26.78,26.75,26.78,26.74,1000
ABEQ,2021-04-13,26.8,26.88,26.8,26.84,26.8,4500
ABEQ,2021-04-14,26.75,26.98,26.75,26.93,26.89,5300
ABEQ,2021-04-15,27.18,27.21,27.13,27.2,27.16,6800
ABEQ,2021-04-16,27.31,27.33,27.3,27.33,27.28,1800
ABEQ,2021-04-19,27.3,27.31,27.22,27.3,27.26,11500
ABEQ,2021-04-20,27.22,27.24,27.19,27.24,27.2,2200
ABEQ,2021-04-21,27.38,27.5,27.38,27.5,27.45,1400
ABEQ,2021-04-22,27.4,27.49,27.3,27.3,27.26,4800
ABEQ,2021-04-23,27.37,27.4,27.37,27.37,27.33,4100
ABEQ,2021-04-26,27.43,27.43,27.3,27.3,27.26,15400
ABEQ,2021-04-27,27.31,27.37,27.31,27.34,27.3,1800
ABEQ,2021-04-28,27.3,27.33,27.3,27.33,27.28,800
ABEQ,2021-04-29,27.43,27.49,27.4,27.49,27.44,400
ABEQ,2021-04-30,27.43,27.44,27.36,27.38,27.34,4900
ABEQ,2021-05-03,27.64,27.75,27.64,27.75,27.71,1500
ABEQ,2021-05-04,27.71,27.71,27.71,27.71,27.67,600
ABEQ,2021-05-05,27.61,27.68,27.61,27.67,27.63,1500
ABEQ,2021-05-06,27.84,28.01,27.79,28.0,27.96,6300
ABEQ,2021-05-07,28.03,28.31,28.03,28.31,28.26,700
ABEQ,2021-05-10,28.8,28.8,28.25,28.25,28.21,1900
ABEQ,2021-05-11,28.05,28.05,28.05,28.05,28.0,500
ABEQ,2021-05-12,28.01,28.01,27.75,27.75,27.71,3200
ABEQ,2021-05-13,27.92,28.05,27.9,28.04,27.99,3600
ABEQ,2021-05-14,28.17,28.33,28.17,28.29,28.24,2400
ABEQ,2021-05-17,28.29,28.44,28.29,28.44,28.39,10500
ABEQ,2021-05-18,28.44,28.44,28.3,28.3,28.26,800
ABEQ,2021-05-19,28.03,28.1,28.03,28.1,28.06,600
ABEQ,2021-05-20,28.29,28.32,28.28,28.28,28.23,300
ABEQ,2021-05-21,28.19,28.19,28.19,28.19,28.14,200
ABEQ,2021-05-24,28.4,28.41,28.37,28.37,28.33,1100
ABEQ,2021-05-25,28.31,28.35,28.21,28.21,28.16,8000
ABEQ,2021-05-26,28.3,28.3,28.23,28.23,28.18,2500
ABEQ,2021-05-27,28.27,28.27,28.22,28.23,28.19,9600
ABEQ,2021-05-28,28.29,28.32,28.26,28.31,28.26,2300
ABEQ,2021-06-01,28.29,28.31,28.28,28.31,28.26,4100
ABEQ,2021-06-02,28.3,28.35,28.29,28.29,28.25,3100
ABEQ,2021-06-03,28.23,28.24,28.19,28.24,28.2,400
ABEQ,2021-06-04,28.33,28.33,28.33,28.33,28.29,100
ABEQ,2021-06-07,28.25,28.26,28.22,28.25,28.2,400
ABEQ,2021-06-08,28.15,28.27,28.15,28.23,28.19,500
ABEQ,2021-06-09,28.25,28.27,28.21,28.22,28.17,800
ABEQ,2021-06-10,28.33,28.35,28.24,28.28,28.23,5900
ABEQ,2021-06-11,28.26,28.28,28.18,28.21,28.17,1700
ABEQ,2021-06-14,28.04,28.15,28.04,28.15,28.1,7000
ABEQ,2021-06-15,28.14,28.15,28.09,28.13,28.08,8200
ABEQ,2021-06-16,28.1,28.15,27.88,27.93,27.89,11300
ABEQ,2021-06-17,27.63,27.63,27.49,27.49,27.45,7900
ABEQ,2021-06-18,27.23,27.26,27.14,27.14,27.1,22900
ABEQ,2021-06-21,27.47,27.51,27.43,27.5,27.46,7800
ABEQ,2021-06-22,27.44,27.5,27.41,27.48,27.44,3100
ABEQ,2021-06-23,27.48,27.49,27.3,27.3,27.26,10100
ABEQ,2021-06-24,27.29,27.38,27.29,27.38,27.34,1800
ABEQ,2021-06-25,27.44,27.5,27.44,27.47,27.42,10200
ABEQ,2021-06-28,27.3,27.38,27.25,27.36,27.32,16300
ABEQ,2021-06-29,27.24,27.3,27.22,27.24,27.24,2400
ABEQ,2021-06-30,27.19,27.23,27.18,27.18,27.18,500
